{"cameraMode":{"drawMode":0,"name":"Shaded","section":"Shading Mode"},"sceneLighting":false,"audioPlay":false,"sceneViewState":{"showFog":true,"showMaterialUpdate":false,"showSkybox":false,"showFlares":true,"showImageEffects":true,"showParticleSystems":true},"in2DMode":false,"pivot":{"x":0.18315309286117555,"y":0.07937440276145935,"z":0.13303592801094056},"rotation":{"x":0.38696038722991946,"y":-0.08941925317049027,"z":0.03769317641854286,"w":0.91700279712677},"size":0.49760565161705019,"orthographic":false}