{"cameraMode":{"drawMode":0,"name":"Shaded","section":"Shading Mode"},"sceneLighting":false,"audioPlay":false,"sceneViewState":{"showFog":true,"showMaterialUpdate":false,"showSkybox":false,"showFlares":true,"showImageEffects":true,"showParticleSystems":true},"in2DMode":false,"pivot":{"x":5.960464477539063e-8,"y":0.19151432812213899,"z":0.0},"rotation":{"x":-0.15642298758029939,"y":0.7779201865196228,"z":-0.21287693083286286,"w":-0.5703253746032715},"size":0.6293538808822632,"orthographic":true}