{"cameraMode":{"drawMode":0,"name":"Shaded","section":"Shading Mode"},"sceneLighting":false,"audioPlay":false,"sceneViewState":{"showFog":true,"showMaterialUpdate":false,"showSkybox":false,"showFlares":true,"showImageEffects":true,"showParticleSystems":true},"in2DMode":false,"pivot":{"x":-0.294677734375,"y":0.7091064453125,"z":0.7440185546875},"rotation":{"x":-0.13996006548404694,"y":0.770918071269989,"z":-0.18157072365283967,"w":-0.5942461490631104},"size":2.1751065254211427,"orthographic":true}