{"cameraMode":{"drawMode":0,"name":"Shaded","section":"Shading Mode"},"sceneLighting":false,"audioPlay":false,"sceneViewState":{"showFog":true,"showMaterialUpdate":false,"showSkybox":false,"showFlares":true,"showImageEffects":true,"showParticleSystems":true},"in2DMode":false,"pivot":{"x":0.8130884170532227,"y":0.057953208684921268,"z":1.237466812133789},"rotation":{"x":0.05932376906275749,"y":0.2780466079711914,"z":-0.017213616520166398,"w":0.9585915207862854},"size":1.8599746227264405,"orthographic":false}