{"cameraMode":{"drawMode":0,"name":"Shaded","section":"Shading Mode"},"sceneLighting":false,"audioPlay":false,"sceneViewState":{"showFog":true,"showMaterialUpdate":false,"showSkybox":false,"showFlares":true,"showImageEffects":true,"showParticleSystems":true},"in2DMode":false,"pivot":{"x":0.10830733180046082,"y":-0.00200000056065619,"z":0.0010000001639127732},"rotation":{"x":-0.13563576340675355,"y":0.5477645397186279,"z":-0.09054043889045716,"w":-0.8205890655517578},"size":0.41834452748298647,"orthographic":true}