{"cameraMode":{"drawMode":0,"name":"Shaded","section":"Shading Mode"},"sceneLighting":false,"audioPlay":false,"sceneViewState":{"showFog":true,"showMaterialUpdate":false,"showSkybox":false,"showFlares":true,"showImageEffects":true,"showParticleSystems":true},"in2DMode":false,"pivot":{"x":0.2851411700248718,"y":-0.09252363443374634,"z":0.12318220734596253},"rotation":{"x":0.1733115315437317,"y":0.5687311887741089,"z":-0.12410920858383179,"w":0.7944515943527222},"size":0.9740098714828491,"orthographic":false}